期号,   红1 , 红2 , 红3 , 红4 , 红5 , 红6 , 蓝1 
2017153,7,11,12,13,18,19,16
2017152,6,10,23,25,26,29,5
2017151,2,5,7,9,11,27,16
2017150,6,14,19,20,21,23,8
2017149,5,8,15,20,27,30,13
2017148,4,7,11,14,29,32,12
2017147,3,7,20,21,25,31,14
2017146,1,19,25,26,27,33,10
2017145,2,6,12,17,25,28,12
2017144,3,14,16,20,31,32,9
2017143,4,6,9,14,20,29,14
2017142,8,13,14,18,23,33,6
2017141,1,6,7,11,13,15,5
2017140,21,22,25,28,29,30,8
2017139,2,14,20,24,28,32,16
2017138,1,17,24,28,32,33,2
2017137,5,10,20,23,26,31,3
2017136,3,7,10,18,21,24,12
2017135,1,6,7,14,18,26,16
2017134,4,5,11,14,28,32,4
2017133,6,15,17,18,23,30,11
2017132,2,3,5,9,13,28,11
2017131,1,7,10,11,26,27,11
2017130,5,13,14,23,25,31,2
2017129,5,6,9,14,21,33,2
2017128,2,6,13,22,29,31,8
2017127,14,15,21,24,27,32,12
2017126,1,16,17,21,27,30,16
2017125,1,14,23,25,29,30,3
2017124,2,6,11,26,28,29,3
2017123,4,5,6,11,21,31,10
2017122,11,20,21,22,24,27,15
2017121,11,18,19,22,24,32,7
2017120,8,10,15,19,23,28,16
2017119,9,16,21,25,26,31,14
2017118,8,9,15,22,30,33,16
2017117,1,2,8,11,14,21,9
2017116,2,14,20,22,30,32,2
2017115,4,10,11,25,30,31,1
2017114,6,12,13,15,18,26,13
2017113,4,6,16,27,29,33,5
2017112,3,10,14,16,22,23,11
2017111,5,10,17,19,29,32,12
2017110,1,3,12,15,19,23,14
2017109,8,14,16,18,21,23,16
2017108,7,12,14,15,17,20,1
2017107,8,9,15,17,30,32,6
2017106,12,15,20,25,27,31,2
2017105,3,6,7,12,25,26,7
2017104,1,14,15,20,23,30,14
2017103,1,21,23,25,31,33,1
2017102,4,8,10,14,18,20,11
2017101,1,4,11,28,31,32,16
2017100,4,7,8,18,23,24,2
2017099,2,5,6,16,28,29,4
2017098,4,19,22,27,30,33,1
2017097,5,10,18,19,30,31,3
2017096,2,6,11,12,19,29,6
2017095,9,10,12,19,22,29,16
2017094,8,11,13,19,28,31,6
2017093,7,8,9,15,22,27,12
2017092,10,18,19,29,32,33,9
2017091,5,7,10,23,28,29,3
2017090,1,7,10,16,22,33,9
2017089,11,12,13,16,23,25,12
2017088,7,9,18,22,23,29,6
2017087,3,6,13,14,19,28,6
2017086,3,5,6,13,20,22,7
2017085,1,5,6,16,25,30,9
2017084,1,5,11,20,22,24,2
2017083,3,8,14,20,24,26,12
2017082,14,18,21,25,28,29,10
2017081,3,5,14,25,26,30,5
2017080,1,12,16,20,22,24,8
2017079,3,7,14,23,25,27,8
2017078,5,7,18,19,22,24,16
2017077,1,2,4,15,17,22,14
2017076,1,4,8,9,14,15,13
2017075,1,3,6,19,21,29,7
2017074,2,6,16,23,30,31,2
2017073,3,6,16,23,26,30,14
2017072,6,11,14,23,26,30,2
2017071,2,3,6,14,31,32,3
2017070,1,6,14,22,25,26,12
2017069,2,11,12,23,29,31,5
2017068,2,6,10,22,30,31,15
2017067,1,3,4,10,18,29,4
2017066,1,4,6,17,19,26,3
2017065,2,5,8,10,12,21,7
2017064,2,10,16,22,24,28,15
2017063,12,16,20,22,25,31,4
2017062,1,7,22,24,26,31,10
2017061,6,7,12,20,26,27,11
2017060,5,10,13,24,26,31,4
2017059,4,8,9,15,19,25,9
2017058,1,9,13,22,28,32,11
2017057,18,20,22,23,30,31,16
2017056,13,14,18,19,21,28,6
2017055,7,12,13,20,24,31,5
2017054,2,3,9,23,28,33,8
2017053,4,9,11,15,29,31,6
2017052,7,8,18,24,29,31,7
2017051,2,5,9,15,24,25,11
2017050,10,12,20,24,27,29,7
2017049,1,8,14,15,20,29,10
2017048,5,8,9,14,15,19,7
2017047,2,5,8,10,32,33,2
2017046,4,13,14,23,26,32,10
2017045,5,7,16,20,21,25,5
2017044,8,16,19,21,31,32,6
2017043,8,13,16,23,27,31,8
2017042,1,2,4,7,10,23,4
2017041,4,10,13,15,22,27,4
2017040,15,19,23,28,29,33,4
2017039,2,4,12,14,17,24,15
2017038,1,4,8,13,24,27,5
2017037,11,15,20,22,25,30,5
2017036,1,2,5,10,24,27,15
2017035,1,6,14,24,28,32,12
2017034,4,7,8,19,32,33,13
2017033,5,7,15,20,23,30,15
2017032,5,8,15,24,27,31,11
2017031,6,10,16,26,27,29,3
2017030,1,7,9,20,23,30,2
2017029,2,15,21,23,25,30,10
2017028,7,8,12,13,22,30,9
2017027,2,4,11,14,27,30,5
2017026,3,10,12,19,27,30,8
2017025,2,15,16,17,22,32,7
2017024,9,21,25,26,29,31,13
2017023,1,3,4,11,18,22,14
2017022,2,6,15,16,18,32,15
2017021,2,5,10,22,32,33,9
2017020,4,8,10,12,31,33,10
2017019,4,6,8,12,23,25,8
2017018,1,2,3,17,25,31,9
2017017,3,7,8,10,22,23,12
2017016,5,8,16,22,27,29,2
2017015,1,8,9,14,17,32,1
2017014,6,8,18,20,23,31,13
2017013,8,11,28,29,31,33,6
2017012,10,11,14,15,16,24,7
2017011,10,11,12,23,26,29,16
2017010,5,8,19,25,28,30,7
2017009,2,6,8,9,15,29,14
2017008,7,13,15,27,28,29,13
2017007,2,4,5,24,26,33,15
2017006,2,4,8,26,29,33,8
2017005,6,11,12,22,23,30,5
2017004,5,13,17,26,27,30,7
2017003,1,4,8,15,27,32,16
2017002,15,19,23,24,25,32,3
2017001,9,11,14,20,25,26,15
2016153,7,9,16,24,25,29,6
2016152,2,8,9,16,20,22,7
2016151,6,11,16,20,22,33,7
2016150,2,4,5,9,13,21,5
2016149,3,20,23,26,32,33,7
2016148,1,2,11,20,26,30,14
2016147,4,14,18,28,31,32,12
2016146,3,7,15,16,17,23,10
2016145,1,3,7,12,19,20,6
2016144,4,10,12,27,32,33,5
2016143,6,9,23,24,25,33,13
2016142,1,10,17,21,23,30,12
2016141,4,13,15,17,21,24,15
2016140,1,2,5,17,26,32,10
2016139,1,6,19,26,28,30,3
2016138,7,16,20,24,25,30,7
2016137,1,6,9,10,15,32,14
2016136,2,7,10,20,27,29,3
2016135,2,8,10,18,20,33,12
2016134,11,12,13,14,18,33,13
2016133,15,16,21,22,27,33,15
2016132,5,8,13,19,27,28,7
2016131,4,10,18,19,25,27,2
2016130,3,17,21,23,27,28,1
2016129,5,6,8,21,31,33,14
2016128,4,9,11,17,26,27,13
2016127,7,12,17,26,29,31,16
2016126,2,6,12,17,18,19,10
2016125,1,6,8,20,27,30,3
2016124,9,15,21,24,27,32,10
2016123,7,9,12,14,20,27,16
2016122,15,22,23,24,28,29,8
2016121,2,3,10,23,25,28,9
2016120,2,5,6,21,25,28,9
2016119,9,19,21,30,31,32,4
2016118,9,14,22,23,31,33,14
2016117,3,10,14,17,28,33,2
2016116,7,18,20,23,27,31,13
2016115,6,8,20,22,26,27,9
2016114,5,16,20,22,27,29,9
2016113,1,11,16,17,20,26,14
2016112,6,12,14,15,18,25,12
2016111,2,4,7,14,15,32,4
2016110,5,7,28,31,32,33,8
2016109,9,11,15,16,27,33,5
2016108,2,3,7,8,19,26,16
2016107,6,11,18,26,27,32,1
2016106,4,5,13,22,25,30,4
2016105,8,10,19,27,28,31,16
2016104,5,9,11,18,30,31,4
2016103,1,5,13,19,24,27,11
2016102,5,8,10,14,17,30,13
2016101,1,3,19,24,32,33,1
2016100,3,10,22,23,27,29,4
2016099,1,11,21,23,27,33,6
2016098,2,8,25,29,31,32,6
2016097,6,13,25,26,28,31,1
2016096,6,13,14,21,22,24,16
2016095,1,5,9,12,18,32,12
2016094,6,7,10,12,18,31,10
2016093,6,9,15,17,25,27,9
2016092,2,13,15,23,24,29,6
2016091,4,8,14,22,23,28,7
2016090,2,13,17,20,21,26,7
2016089,1,3,14,30,31,32,8
2016088,3,14,16,18,25,33,15
2016087,2,3,10,11,14,21,12
2016086,9,10,11,12,15,32,5
2016085,1,12,19,20,21,25,16
2016084,2,4,12,18,24,26,5
2016083,9,16,17,24,30,31,4
2016082,6,12,14,15,17,20,9
2016081,2,6,15,25,30,32,7
2016080,1,16,17,24,25,32,14
2016079,1,3,10,12,24,28,2
2016078,2,4,8,23,26,29,2
2016077,1,9,17,19,20,29,10
2016076,7,8,13,22,30,32,1
2016075,1,3,6,16,29,32,7
2016074,6,10,11,12,20,25,12
2016073,9,11,12,15,16,20,13
2016072,5,16,19,22,24,25,2
2016071,19,21,26,28,29,32,1
2016070,3,6,11,18,23,29,1
2016069,8,10,11,20,21,27,11
2016068,8,19,23,28,31,32,1
2016067,9,13,18,20,27,31,4
2016066,3,7,13,18,19,20,5
2016065,13,16,22,25,26,27,14
2016064,3,12,14,17,19,26,3
2016063,16,17,18,23,28,32,7
2016062,12,13,15,18,19,21,9
2016061,5,6,8,18,20,32,8
2016060,4,5,22,26,29,32,8
2016059,4,11,12,20,25,28,15
2016058,3,5,18,20,24,32,11
2016057,7,12,19,22,23,26,11
2016056,3,4,8,11,16,18,14
2016055,5,6,10,16,22,26,11
2016054,6,11,16,19,28,32,4
2016053,2,8,10,12,29,31,1
2016052,1,6,13,19,24,28,16
2016051,1,2,4,9,15,33,12
2016050,9,12,24,28,29,30,2
2016049,6,8,13,14,22,27,10
2016048,3,8,13,14,15,30,4
2016047,2,5,8,15,17,22,16
2016046,7,20,25,26,27,30,14
2016045,4,9,12,17,30,32,3
2016044,1,3,10,12,18,30,1
2016043,5,14,20,26,30,33,12
2016042,7,14,17,23,26,31,9
2016041,12,17,18,21,22,24,4
2016040,3,13,19,20,23,26,3
2016039,1,3,7,18,19,27,16
2016038,3,12,13,22,28,29,3
2016037,6,15,26,31,32,33,16
2016036,3,4,7,9,20,22,3
2016035,4,13,19,20,26,29,11
2016034,3,15,21,22,23,28,15
2016033,6,17,18,20,27,29,15
2016032,8,12,14,15,21,27,15
2016031,3,8,10,19,26,33,3
2016030,10,14,19,22,25,29,12
2016029,12,15,18,20,21,27,15
2016028,6,8,12,21,25,29,1
2016027,11,13,15,17,19,31,5
2016026,4,9,12,28,30,33,1
2016025,4,11,12,17,24,30,12
2016024,2,5,7,14,18,31,13
2016023,3,6,10,19,25,29,7
2016022,4,9,19,22,23,30,7
2016021,9,11,13,22,24,26,5
2016020,1,2,10,12,22,24,10
2016019,6,13,16,17,23,30,10
2016018,12,13,14,17,21,25,4
2016017,5,6,8,20,22,30,5
2016016,1,20,22,24,25,26,16
2016015,1,2,14,22,25,26,7
2016014,2,8,10,18,20,27,7
2016013,7,12,21,22,26,31,1
2016012,7,12,14,16,27,32,15
2016011,3,8,10,15,22,29,12
2016010,2,4,12,14,19,25,6
2016009,10,14,24,25,27,32,4
2016008,2,15,24,29,32,33,2
2016007,5,12,14,20,27,29,6
2016006,13,16,18,20,28,31,12
2016005,11,14,18,20,31,33,14
2016004,8,10,17,22,25,33,12
2016003,1,10,14,23,26,28,1
2016002,9,14,17,20,24,30,16
2016001,6,13,16,18,20,22,13
2015154,7,9,11,15,18,25,7
2015153,8,11,15,22,27,29,3
2015152,11,18,19,21,29,32,12
2015151,5,6,8,23,31,32,11
2015150,1,3,8,11,29,31,13
2015149,9,10,20,21,22,33,9
2015148,9,13,14,22,26,27,7
2015147,8,9,16,23,24,30,5
2015146,16,17,21,28,30,32,15
2015145,7,8,15,19,20,24,13
2015144,1,4,7,15,28,32,16
2015143,13,15,19,20,21,32,4
2015142,13,17,19,20,22,25,11
2015141,3,8,19,25,27,28,2
2015140,6,20,28,29,30,31,12
2015139,1,10,13,18,25,27,9
2015138,1,2,8,16,19,24,11
2015137,14,22,23,27,28,31,12
2015136,2,5,12,23,28,29,1
2015135,1,12,14,18,26,32,7
2015134,2,5,14,19,27,31,4
2015133,2,3,13,20,22,24,15
2015132,3,5,11,28,30,33,1
2015131,10,12,13,19,22,26,3
2015130,6,14,15,16,17,22,10
2015129,5,8,11,16,18,27,4
2015128,1,3,8,11,22,28,6
2015127,7,10,19,22,27,33,6
2015126,10,11,15,20,23,29,12
2015125,5,13,22,27,30,33,10
2015124,2,3,5,12,18,27,1
2015123,5,8,9,12,22,28,7
2015122,5,7,11,16,22,25,7
2015121,1,3,20,21,28,29,12
2015120,16,21,24,26,27,29,16
2015119,2,8,10,18,23,31,8
2015118,1,4,11,21,23,31,12
2015117,4,11,12,18,26,32,12
2015116,4,6,15,23,26,28,11
2015115,1,7,8,14,24,32,3
2015114,4,7,9,13,21,26,1
2015113,1,5,7,8,19,27,12
2015112,1,3,10,19,20,27,11
2015111,8,14,16,18,20,30,12
2015110,5,7,16,17,22,23,4
2015109,1,8,9,16,32,33,13
2015108,2,12,19,22,24,27,15
2015107,7,14,16,18,21,25,8
2015106,1,3,4,23,31,32,13
2015105,9,10,16,19,20,26,12
2015104,9,18,21,23,25,26,1
2015103,6,8,13,26,30,32,14
2015102,7,9,12,14,21,23,6
2015101,8,16,22,24,28,29,5
2015100,2,3,11,17,19,21,8
2015099,6,7,10,11,14,22,9
2015098,6,9,13,26,27,33,1
2015097,9,12,14,20,26,27,4
2015096,6,16,17,23,24,31,7
2015095,4,15,21,28,30,31,4
2015094,1,4,6,13,16,17,10
2015093,1,3,13,21,25,31,8
2015092,9,15,19,21,26,27,1
2015091,5,7,17,19,22,31,11
2015090,10,12,14,22,25,33,15
2015089,12,14,19,27,28,29,1
2015088,2,12,20,24,29,31,9
2015087,9,15,16,19,20,28,11
2015086,5,6,8,16,18,22,12
2015085,2,8,25,27,28,29,5
2015084,15,18,20,22,28,29,15
2015083,6,7,16,18,29,32,5
2015082,2,8,9,14,28,30,7
2015081,13,20,22,26,28,31,13
2015080,14,17,25,27,28,30,2
2015079,9,14,15,20,26,32,11
2015078,3,7,20,22,26,29,2
2015077,1,6,8,10,13,27,16
2015076,1,9,10,19,23,27,9
2015075,6,11,13,19,21,32,4
2015074,4,7,21,25,26,29,8
2015073,1,2,17,22,26,27,4
2015072,1,3,5,20,21,31,5
2015071,8,18,20,28,29,31,8
2015070,1,7,13,19,21,29,15
2015069,1,13,17,18,23,30,15
2015068,6,15,18,21,26,27,10
2015067,2,5,8,24,25,31,14
2015066,5,8,11,17,24,28,16
2015065,8,10,14,19,26,29,12
2015064,11,12,14,17,23,27,1
2015063,1,7,9,16,22,32,12
2015062,9,14,15,18,21,26,16
2015061,6,18,22,26,32,33,4
2015060,1,3,18,27,31,32,13
2015059,2,6,9,16,25,32,14
2015058,2,9,10,18,19,20,15
2015057,9,20,24,25,26,32,4
2015056,1,7,8,16,18,20,14
2015055,1,10,15,18,19,28,2
2015054,1,2,7,10,22,26,7
2015053,3,7,17,22,32,33,10
2015052,2,4,11,16,25,26,12
2015051,4,10,24,26,28,32,9
2015050,3,9,12,16,17,31,4
2015049,7,12,14,17,20,23,5
2015048,13,16,17,22,25,27,10
2015047,2,3,20,24,26,27,9
2015046,5,7,10,14,23,31,1
2015045,1,5,13,22,30,31,7
2015044,2,3,4,13,14,16,2
2015043,11,12,15,24,26,27,15
2015042,9,10,19,21,23,32,8
2015041,4,9,11,17,21,25,6
2015040,13,16,18,27,30,32,16
2015039,1,13,15,26,29,30,12
2015038,5,6,11,12,14,33,14
2015037,5,7,12,18,28,31,3
2015036,4,6,16,17,26,33,3
2015035,1,8,9,22,24,33,3
2015034,12,13,17,18,20,27,13
2015033,3,6,21,29,31,32,5
2015032,11,14,16,18,29,32,16
2015031,1,5,7,22,26,32,11
2015030,8,11,14,15,16,26,7
2015029,7,14,15,19,21,28,7
2015028,4,7,10,26,27,28,14
2015027,5,7,9,16,26,29,7
2015026,2,13,17,21,22,33,13
2015025,10,11,12,15,27,32,14
2015024,9,11,16,18,23,24,10
2015023,8,9,10,13,29,30,1
2015022,4,7,10,16,23,25,10
2015021,14,15,16,17,27,28,8
2015020,1,4,7,19,22,23,4
2015019,2,6,11,19,25,26,4
2015018,6,9,12,14,28,29,9
2015017,13,18,20,25,27,33,12
2015016,2,6,10,15,17,31,13
2015015,1,7,20,24,25,33,4
2015014,2,12,16,19,27,30,11
2015013,8,9,24,25,26,29,1
2015012,3,5,22,23,29,31,6
2015011,4,14,15,17,18,20,15
2015010,1,2,3,8,21,31,9
2015009,4,7,14,17,21,25,14
2015008,4,7,10,16,20,22,3
2015007,1,7,9,17,20,33,8
2015006,1,10,11,29,31,33,13
2015005,7,10,16,17,18,32,15
2015004,2,14,15,16,23,24,10
2015003,10,15,20,23,24,31,15
2015002,7,15,16,25,28,32,5
2015001,1,7,9,16,20,23,6
2014152,8,13,15,20,21,25,12
2014151,4,5,8,11,21,27,8
2014150,3,8,14,22,24,32,9
2014149,7,9,10,15,19,33,1
2014148,1,2,5,12,15,16,13
2014147,6,7,22,26,31,32,10
2014146,1,6,13,20,29,32,1
2014145,10,12,13,23,26,29,11
2014144,3,5,6,9,10,27,14
2014143,3,12,18,20,25,26,16
2014142,6,21,22,23,25,28,13
2014141,8,9,11,16,21,24,10
2014140,6,10,11,14,17,33,6
2014139,1,14,15,20,25,29,11
2014138,4,6,13,29,31,33,13
2014137,3,6,9,11,25,29,9
2014136,3,16,19,27,31,32,10
2014135,2,4,11,13,25,33,1
2014134,5,16,22,23,26,28,2
2014133,13,14,16,23,30,31,13
2014132,5,6,14,15,18,33,8
2014131,5,17,21,22,28,32,14
2014130,1,2,10,24,30,33,10
2014129,5,8,9,20,28,32,2
2014128,5,7,8,17,18,24,14
2014127,2,10,12,21,23,27,12
2014126,6,11,16,17,22,27,1
2014125,10,11,15,26,31,32,6
2014124,2,17,20,24,31,33,4
2014123,1,6,11,17,28,33,5
2014122,6,9,11,16,20,29,11
2014121,1,2,13,22,28,30,9
2014120,1,7,12,16,23,28,4
2014119,6,13,17,20,26,29,9
2014118,5,7,15,18,26,30,3
2014117,5,10,17,25,28,29,4
2014116,9,10,14,15,19,29,16
2014115,1,9,10,11,13,32,3
2014114,2,7,23,30,32,33,10
2014113,12,14,28,31,32,33,7
2014112,1,15,16,21,24,30,3
2014111,2,8,17,20,22,28,2
2014110,1,8,11,13,19,30,6
2014109,2,5,11,15,19,28,2
2014108,3,8,9,20,23,28,2
2014107,11,14,17,22,25,27,16
2014106,9,14,17,18,21,25,15
2014105,14,16,17,19,27,32,4
2014104,2,6,12,19,27,28,13
2014103,3,8,9,10,18,33,4
2014102,14,16,21,24,28,31,13
2014101,16,18,20,23,24,32,7
2014100,1,6,9,10,14,16,11
2014099,1,5,10,11,13,32,14
2014098,2,13,17,20,29,31,7
2014097,7,13,24,25,27,32,15
2014096,12,14,17,19,22,24,8
2014095,5,6,8,14,22,31,8
2014094,1,10,18,20,23,29,1
2014093,2,8,9,10,20,29,5
2014092,3,13,18,19,22,26,7
2014091,1,5,12,19,27,29,14
2014090,5,9,11,19,24,32,13
2014089,4,6,14,17,27,30,9
2014088,3,6,11,14,16,29,15
2014087,6,18,22,23,32,33,6
2014086,2,4,10,12,14,30,8
2014085,1,2,11,19,23,29,8
2014084,1,6,9,10,13,25,8
2014083,5,6,19,21,23,33,12
2014082,2,4,20,25,26,29,11
2014081,8,14,22,24,27,29,10
2014080,5,14,16,17,25,30,7
2014079,2,7,16,22,27,28,2
2014078,2,3,5,6,9,17,7
2014077,8,9,12,15,19,22,10
2014076,6,10,12,17,18,33,11
2014075,3,9,11,22,27,29,6
2014074,1,3,6,13,30,31,12
2014073,1,12,16,20,30,33,2
2014072,1,3,7,13,19,32,16
2014071,2,4,12,17,22,25,14
2014070,1,7,9,19,28,29,7
2014069,5,12,17,19,25,30,11
2014068,4,12,13,22,27,29,16
2014067,1,6,7,17,18,23,6
2014066,2,5,15,17,18,21,16
2014065,3,4,5,8,10,22,6
2014064,2,9,15,16,29,32,14
2014063,3,8,17,21,22,31,16
2014062,6,9,15,24,25,26,9
2014061,2,14,17,27,28,31,8
2014060,3,5,14,18,25,33,6
2014059,5,8,12,13,23,25,13
2014058,2,3,12,13,14,25,11
2014057,2,4,12,18,23,31,8
2014056,1,11,18,20,28,29,1
2014055,2,9,14,19,21,30,4
2014054,1,4,5,11,29,30,14
2014053,14,17,19,22,26,31,2
2014052,9,13,15,28,30,33,8
2014051,10,16,19,21,23,24,13
2014050,3,17,23,25,26,32,13
2014049,6,7,16,17,23,32,6
2014048,6,9,16,17,24,25,16
2014047,8,10,11,12,19,29,15
2014046,2,10,11,17,18,22,10
2014045,2,4,9,11,19,22,15
2014044,4,9,21,27,28,33,12
2014043,2,5,9,14,24,33,9
2014042,12,15,20,25,28,33,14
2014041,7,11,16,18,21,22,2
2014040,3,4,6,11,12,15,8
2014039,3,11,15,19,20,31,7
2014038,4,7,22,23,24,33,16
2014037,6,13,14,24,25,30,7
2014036,1,7,8,9,11,22,3
2014035,7,8,9,17,32,33,6
2014034,1,3,4,8,25,31,6
2014033,5,13,23,28,32,33,12
2014032,1,2,14,22,29,33,7
2014031,4,10,16,17,21,27,14
2014030,12,18,19,23,24,30,10
2014029,2,7,14,16,21,29,14
2014028,6,16,21,27,30,32,5
2014027,8,10,14,16,30,31,1
2014026,1,2,5,6,11,23,14
2014025,1,5,10,14,16,30,16
2014024,8,10,16,20,23,30,9
2014023,7,9,13,17,21,22,10
2014022,4,6,7,10,21,26,16
2014021,8,10,15,17,22,29,12
2014020,9,14,17,23,24,25,15
2014019,2,10,15,19,20,21,7
2014018,13,17,18,21,30,33,15
2014017,4,6,7,14,25,26,10
2014016,2,3,7,13,21,24,8
2014015,2,11,19,30,32,33,9
2014014,4,9,19,22,25,29,15
2014013,5,9,13,15,17,21,13
2014012,1,8,11,19,21,24,8
2014011,9,10,13,14,21,32,2
2014010,5,7,8,20,31,33,11
2014009,8,9,19,20,25,32,16
2014008,5,14,16,21,29,30,12
2014007,8,10,12,14,18,28,14
2014006,3,4,7,17,21,27,14
2014005,15,18,23,27,32,33,4
2014004,1,4,19,22,24,25,15
2014003,6,10,11,28,30,33,12
2014002,4,21,23,31,32,33,4
2014001,3,9,15,20,27,29,1
2013154,7,11,14,19,24,29,5
2013153,8,11,13,18,28,33,10
2013152,4,6,14,16,18,29,5
2013151,3,9,10,19,28,33,9
2013150,1,15,16,25,26,29,10
2013149,9,18,25,26,30,32,11
2013148,6,11,12,14,17,22,1
2013147,2,15,16,17,19,30,8
2013146,8,20,25,30,32,33,1
2013145,6,10,13,16,23,24,15
2013144,5,7,12,19,27,31,2
2013143,12,18,21,22,27,32,11
2013142,11,12,14,20,22,29,14
2013141,3,4,5,25,30,31,4
2013140,1,5,12,13,21,22,10
2013139,7,8,11,13,21,27,8
2013138,4,15,16,24,27,28,3
2013137,4,17,19,23,24,27,10
2013136,4,6,14,16,18,26,6
2013135,9,23,24,25,29,31,12
2013134,1,17,18,19,25,29,10
2013133,4,7,12,19,22,25,1
2013132,20,21,22,23,25,27,12
2013131,4,6,12,17,19,26,9
2013130,1,3,15,16,31,33,8
2013129,5,6,10,14,27,31,14
2013128,7,13,17,19,25,31,8
2013127,2,3,13,20,22,33,14
2013126,4,10,19,27,31,33,16
2013125,4,6,8,18,25,28,16
2013124,3,9,15,23,25,30,7
2013123,1,2,6,11,17,25,2
2013122,7,10,13,15,26,27,11
2013121,4,5,6,7,25,27,7
2013120,5,6,13,18,23,31,11
2013119,5,15,20,22,26,32,9
2013118,2,3,17,22,32,33,16
2013117,9,12,13,24,27,33,16
2013116,12,15,21,26,32,33,7
2013115,3,12,16,17,18,27,8
2013114,4,6,17,21,23,33,7
2013113,4,7,11,17,24,33,9
2013112,1,6,12,13,22,31,7
2013111,1,2,3,6,8,33,13
2013110,15,17,18,21,29,32,13
2013109,9,23,24,27,29,32,8
2013108,16,21,22,28,31,32,5
2013107,7,9,11,17,28,31,11
2013106,9,11,23,30,31,32,6
2013105,1,11,23,27,31,32,9
2013104,1,2,4,15,17,28,11
2013103,2,4,9,13,18,20,7
2013102,2,4,5,6,8,16,3
2013101,5,7,9,23,27,32,1
2013100,4,8,11,14,16,20,11
2013099,5,11,20,21,26,31,3
2013098,7,15,18,19,20,26,14
2013097,5,14,17,22,23,25,7
2013096,1,2,22,28,29,30,15
2013095,1,6,15,19,28,29,10
2013094,2,4,14,18,20,22,7
2013093,1,2,8,26,29,31,14
2013092,7,11,15,21,26,31,6
2013091,4,14,24,25,28,31,10
2013090,2,5,11,23,24,29,8
2013089,4,8,12,19,21,25,13
2013088,9,15,20,21,22,24,14
2013087,2,13,19,23,24,28,5
2013086,2,4,11,13,16,26,11
2013085,2,8,12,14,16,32,16
2013084,5,7,9,11,20,21,3
2013083,5,6,12,14,19,23,9
2013082,4,13,14,20,22,30,6
2013081,1,4,10,13,21,31,13
2013080,10,11,12,23,28,32,16
2013079,7,13,17,19,22,26,13
2013078,3,5,17,18,26,27,15
2013077,9,14,23,24,26,29,3
2013076,14,23,24,26,29,30,3
2013075,4,6,9,25,30,33,14
2013074,3,6,8,14,19,32,3
2013073,2,9,13,17,20,28,11
2013072,2,8,11,14,19,33,9
2013071,5,12,21,23,26,28,9
2013070,2,3,9,10,28,30,6
2013069,7,16,17,18,30,33,6
2013068,2,7,13,20,25,27,6
2013067,1,4,9,15,22,30,6
2013066,1,3,16,17,20,32,7
2013065,7,18,19,23,29,30,2
2013064,1,9,13,22,25,32,12
2013063,10,15,18,20,23,31,12
2013062,1,6,7,19,22,27,2
2013061,5,6,7,12,13,18,12
2013060,5,7,10,13,19,20,15
2013059,3,10,18,24,27,29,9
2013058,8,11,17,21,23,24,5
2013057,13,16,19,23,26,28,5
2013056,3,12,25,26,28,29,16
2013055,8,18,19,22,27,32,6
2013054,3,4,8,14,21,28,14
2013053,3,12,13,22,30,33,14
2013052,6,7,14,21,22,24,13
2013051,8,12,15,19,28,29,2
2013050,3,7,13,18,22,25,3
2013049,10,13,14,16,21,32,14
2013048,10,13,17,28,30,32,4
2013047,1,8,11,17,27,30,12
2013046,3,16,19,20,24,26,6
2013045,6,7,8,14,23,31,12
2013044,3,5,11,18,26,28,6
2013043,3,6,14,15,17,25,16
2013042,1,8,12,13,15,33,3
2013041,2,10,12,17,23,24,5
2013040,2,4,10,12,17,30,10
2013039,1,2,14,15,24,29,6
2013038,9,10,12,14,15,19,11
2013037,2,15,18,27,28,32,14
2013036,4,5,9,27,29,31,13
2013035,1,14,15,17,26,30,2
2013034,6,15,20,22,26,33,9
2013033,5,6,13,17,19,28,1
2013032,4,21,25,29,30,33,3
2013031,3,13,14,15,21,33,3
2013030,7,14,18,25,26,29,6
2013029,6,7,10,19,23,29,12
2013028,7,8,14,25,26,28,13
2013027,1,2,4,12,21,24,12
2013026,4,11,14,15,22,31,11
2013025,16,17,18,24,25,30,8
2013024,4,5,13,23,27,30,9
2013023,3,6,15,18,30,32,5
2013022,2,4,7,9,15,20,7
2013021,1,6,17,19,26,31,11
2013020,1,7,8,12,16,21,1
2013019,1,2,5,16,20,26,6
2013018,2,8,13,28,29,30,5
2013017,4,6,12,30,31,32,9
2013016,2,5,6,12,14,28,5
2013015,5,6,7,11,13,18,15
2013014,2,4,5,17,19,20,8
2013013,5,6,13,19,22,28,9
2013012,6,14,17,22,28,29,2
2013011,3,12,17,24,27,29,9
2013010,1,9,11,17,32,33,12
2013009,1,4,9,13,16,23,2
2013008,3,8,17,21,25,32,15
2013007,2,9,15,22,26,32,1
2013006,9,10,13,17,22,30,13
2013005,1,13,14,25,31,32,12
2013004,6,10,16,20,27,32,8
2013003,22,23,26,27,28,33,9
2013002,1,16,18,22,28,30,12
2013001,6,8,14,15,24,25,6
2012154,5,7,12,16,28,32,4
2012153,4,5,11,21,27,28,10
2012152,10,12,18,22,28,29,7
2012151,5,14,24,25,26,32,1
2012150,9,11,17,23,24,26,7
2012149,1,5,13,25,26,32,13
2012148,3,6,11,17,21,31,7
2012147,2,12,15,23,24,32,9
2012146,1,5,7,13,29,32,13
2012145,5,20,26,27,28,33,3
2012144,3,10,12,13,27,30,4
2012143,7,8,18,25,30,32,6
2012142,5,18,22,28,29,31,6
2012141,3,5,8,19,20,27,9
2012140,14,18,27,30,31,33,15
2012139,8,19,21,24,28,31,15
2012138,1,7,16,17,19,21,14
2012137,1,2,4,6,13,17,7
2012136,2,7,8,17,21,28,11
2012135,2,5,7,8,11,17,16
2012134,2,5,6,7,13,23,15
2012133,1,8,11,20,21,29,2
2012132,7,12,16,17,21,25,10
2012131,6,18,19,26,28,32,12
2012130,1,3,15,20,22,31,3
2012129,1,7,9,17,21,29,1
2012128,5,9,12,29,30,31,5
2012127,1,9,11,21,26,32,8
2012126,3,5,12,15,23,24,7
2012125,8,12,13,26,29,33,1
2012124,6,7,21,25,27,33,11
2012123,8,10,16,25,28,33,9
2012122,12,13,19,22,28,29,11
2012121,1,7,8,20,23,24,11
2012120,1,4,20,24,28,29,16
2012119,12,20,25,26,27,28,13
2012118,5,6,7,12,15,28,11
2012117,13,15,18,20,24,28,9
2012116,3,21,26,29,31,32,3
2012115,3,8,20,24,26,32,14
2012114,1,6,11,26,27,29,15
2012113,3,6,9,13,18,32,6
2012112,8,15,20,21,27,31,6
2012111,2,9,10,20,22,31,13
2012110,3,7,10,13,22,32,9
2012109,2,12,24,26,29,31,3
2012108,1,9,12,13,19,28,13
2012107,11,12,15,24,25,31,9
2012106,13,14,20,22,23,32,16
2012105,6,13,14,15,17,30,4
2012104,4,5,9,10,19,28,3
2012103,4,9,11,14,32,33,2
2012102,13,25,27,28,29,30,15
2012101,9,12,17,18,20,33,2
2012100,5,7,15,18,25,33,10
2012099,8,12,15,16,21,27,16
2012098,2,12,19,26,29,31,9
2012097,5,8,13,14,19,22,6
2012096,4,7,11,16,29,33,7
2012095,17,24,27,28,29,30,2
2012094,6,9,14,16,23,33,15
2012093,3,5,19,21,24,33,13
2012092,6,13,17,18,28,32,3
2012091,1,5,7,8,19,21,16
2012090,2,13,20,25,29,30,11
2012089,3,7,10,13,14,25,11
2012088,3,5,23,24,27,31,15
2012087,3,10,11,13,14,22,9
2012086,8,9,13,15,22,23,8
2012085,5,17,24,30,31,33,5
2012084,2,10,20,26,28,29,14
2012083,4,9,14,15,26,33,4
2012082,2,4,11,18,22,29,6
2012081,2,5,10,24,25,29,6
2012080,4,9,14,15,16,27,3
2012079,6,7,12,24,30,33,12
2012078,8,15,22,24,28,33,12
2012077,2,4,13,18,26,28,12
2012076,11,18,22,27,29,30,15
2012075,4,6,22,23,29,32,11
2012074,15,16,18,19,28,32,8
2012073,4,7,9,10,17,27,5
2012072,2,3,7,9,13,30,6
2012071,3,4,19,21,22,23,8
2012070,2,3,4,24,31,32,11
2012069,8,10,11,18,20,29,6
2012068,5,17,22,26,32,33,10
2012067,4,5,10,21,26,30,16
2012066,1,2,9,26,29,33,12
2012065,8,10,18,19,27,31,14
2012064,5,10,11,16,23,24,11
2012063,2,10,17,19,24,27,12
2012062,2,13,16,17,20,31,7
2012061,3,8,11,12,14,18,14
2012060,7,10,13,16,17,29,1
2012059,4,13,21,22,26,31,1
2012058,3,6,15,20,25,26,4
2012057,3,5,19,21,27,31,4
2012056,4,7,14,17,26,31,10
2012055,4,6,13,20,24,28,1
2012054,6,14,18,20,30,33,14
2012053,4,15,22,25,27,33,4
2012052,2,3,5,6,20,24,4
2012051,2,12,14,17,30,31,9
2012050,7,13,15,17,19,24,11
2012049,4,12,13,19,20,32,2
2012048,1,5,14,22,24,30,10
2012047,6,7,11,16,32,33,11
2012046,4,12,19,20,23,33,6
2012045,8,11,20,21,27,30,9
2012044,6,9,10,14,22,25,3
2012043,2,9,11,21,26,33,3
2012042,5,6,11,19,24,28,16
2012041,8,11,15,20,24,32,2
2012040,3,8,9,22,25,31,10
2012039,1,2,5,13,22,29,8
2012038,9,10,11,15,19,33,16
2012037,5,14,19,24,28,33,9
2012036,2,11,13,18,19,26,9
2012035,9,11,12,21,24,26,5
2012034,2,3,8,23,32,33,16
2012033,2,3,15,16,17,27,4
2012032,1,2,10,17,22,24,4
2012031,4,16,22,24,27,31,3
2012030,9,10,17,18,21,31,8
2012029,4,7,15,25,26,28,3
2012028,10,15,20,21,28,30,11
2012027,4,16,22,25,30,31,12
2012026,3,7,9,15,24,25,16
2012025,3,8,9,17,25,27,6
2012024,4,12,19,21,25,28,13
2012023,5,9,15,23,24,33,2
2012022,4,8,12,24,26,27,4
2012021,1,15,16,18,22,30,3
2012020,3,8,12,18,23,29,11
2012019,7,14,18,20,22,30,16
2012018,3,5,6,22,26,32,15
2012017,6,9,14,19,25,28,10
2012016,2,5,12,17,22,25,8
2012015,1,3,6,10,21,23,15
2012014,1,2,5,16,28,30,12
2012013,6,8,24,29,30,32,13
2012012,15,17,18,20,23,27,1
2012011,4,14,15,16,20,26,5
2012010,1,3,13,19,25,26,10
2012009,4,16,24,26,27,33,11
2012008,1,12,20,23,24,29,8
2012007,10,17,19,27,28,32,4
2012006,2,22,25,29,32,33,8
2012005,7,9,18,27,31,33,6
2012004,1,5,10,11,21,23,16
2012003,3,6,8,24,29,31,9
2012002,2,3,7,9,10,32,13
2012001,1,4,5,9,15,17,6
2011153,5,8,9,10,20,25,13
2011152,4,10,11,12,21,26,13
2011151,7,11,16,19,31,33,10
2011150,8,10,12,15,22,27,13
2011149,4,5,6,7,23,31,16
2011148,5,14,22,23,25,26,14
2011147,4,8,12,17,18,30,10
2011146,11,23,26,28,32,33,10
2011145,2,4,14,15,26,30,4
2011144,1,2,9,10,16,24,3
2011143,7,8,12,14,15,30,16
2011142,12,15,16,26,29,31,2
2011141,2,4,6,19,24,29,11
2011140,4,18,20,22,27,29,6
2011139,8,20,24,27,30,31,3
2011138,1,5,15,24,28,32,7
2011137,2,11,18,23,30,33,13
2011136,2,4,6,20,22,31,7
2011135,12,13,17,20,25,26,12
2011134,1,2,6,7,30,31,10
2011133,12,14,20,21,25,31,16
2011132,2,5,12,13,25,33,7
2011131,2,7,9,17,21,25,1
2011130,7,14,18,23,25,32,15
2011129,7,10,11,21,23,26,6
2011128,9,11,14,17,19,23,12
2011127,16,19,22,23,27,29,11
2011126,3,7,13,18,23,26,16
2011125,3,10,15,24,27,32,8
2011124,9,18,19,26,31,32,16
2011123,1,4,5,14,19,28,16
2011122,10,12,18,26,27,31,3
2011121,4,14,22,25,32,33,2
2011120,4,14,17,28,30,33,7
2011119,9,12,14,19,28,32,1
2011118,5,6,11,14,20,21,10
2011117,8,10,19,26,28,30,4
2011116,1,7,11,12,17,27,5
2011115,7,8,9,12,17,33,16
2011114,1,14,15,16,30,32,9
2011113,6,10,11,25,32,33,5
2011112,3,5,16,18,23,24,15
2011111,1,3,5,20,25,27,4
2011110,12,14,21,26,28,33,12
2011109,1,3,9,15,16,33,15
2011108,2,17,22,26,29,33,10
2011107,4,9,16,17,22,29,15
2011106,2,11,12,14,24,32,14
2011105,4,6,23,25,27,28,1
2011104,9,10,16,20,25,29,9
2011103,4,5,10,13,15,16,12
2011102,1,5,13,21,27,31,11
2011101,6,10,19,23,29,31,6
2011100,7,11,21,23,31,32,5
2011099,10,12,13,21,26,27,14
2011098,3,7,20,21,22,32,5
2011097,9,17,19,20,21,26,16
2011096,1,4,7,13,14,19,15
2011095,3,7,8,10,23,24,5
2011094,9,11,12,17,18,19,5
2011093,4,7,11,13,23,30,9
2011092,5,10,17,26,31,32,4
2011091,9,15,21,23,28,30,3
2011090,2,5,14,18,21,25,16
2011089,1,2,11,24,29,30,12
2011088,3,9,17,20,21,29,4
2011087,2,3,4,5,18,28,1
2011086,6,7,9,12,17,24,9
2011085,3,6,11,21,24,31,10
2011084,9,10,12,16,18,32,15
2011083,7,16,18,24,28,29,6
2011082,7,16,17,20,25,26,4
2011081,6,14,19,23,25,32,12
2011080,2,7,9,25,31,32,9
2011079,3,14,15,16,24,29,5
2011078,3,5,13,20,22,29,9
2011077,1,7,8,15,26,29,10
2011076,6,19,21,26,32,33,13
2011075,7,9,10,12,31,32,13
2011074,2,21,26,28,29,32,1
2011073,3,4,5,12,17,21,14
2011072,1,6,10,11,18,27,12
2011071,1,2,15,22,28,30,2
2011070,1,3,5,12,21,28,12
2011069,2,13,16,18,24,30,12
2011068,3,7,10,15,19,24,10
2011067,17,19,20,24,25,27,12
2011066,4,6,14,17,30,32,12
2011065,4,16,23,25,27,29,3
2011064,3,6,7,29,30,33,2
2011063,4,6,13,15,18,19,5
2011062,4,8,9,10,29,30,3
2011061,2,3,8,13,19,21,3
2011060,10,11,13,21,27,31,1
2011059,24,26,27,29,31,33,16
2011058,7,18,22,30,32,33,6
2011057,4,6,20,21,26,33,2
2011056,13,16,19,20,23,25,10
2011055,8,13,16,17,29,32,16
2011054,8,11,16,17,22,33,8
2011053,3,6,10,12,22,30,15
2011052,4,5,8,19,27,28,8
2011051,1,7,11,14,15,16,14
2011050,4,5,19,22,28,29,15
2011049,1,11,17,18,27,31,14
2011048,10,14,18,25,26,27,15
2011047,4,13,23,25,27,33,14
2011046,9,17,18,26,29,30,8
2011045,2,16,17,20,26,32,8
2011044,3,14,16,26,27,31,9
2011043,4,13,14,17,25,31,4
2011042,5,13,15,17,19,21,15
2011041,4,10,12,13,30,32,13
2011040,5,11,14,24,26,28,13
2011039,3,7,10,16,24,29,13
2011038,2,14,15,19,23,24,12
2011037,1,3,4,6,17,25,11
2011036,2,11,20,22,24,31,5
2011035,13,14,18,20,27,31,2
2011034,13,14,17,19,24,31,8
2011033,2,8,12,13,19,29,4
2011032,3,5,7,13,14,15,15
2011031,16,17,24,28,29,32,12
2011030,2,9,19,24,25,33,10
2011029,1,4,9,10,20,31,7
2011028,1,4,5,14,16,17,1
2011027,13,18,21,22,25,26,1
2011026,7,8,17,19,21,26,12
2011025,8,25,26,31,32,33,9
2011024,5,7,10,19,26,31,14
2011023,2,3,6,21,22,25,5
2011022,2,7,14,16,17,21,5
2011021,1,2,14,18,25,31,8
2011020,12,16,17,19,24,30,5
2011019,2,4,12,19,32,33,16
2011018,13,15,18,28,30,33,1
2011017,2,6,15,23,26,33,8
2011016,3,4,16,17,22,29,13
2011015,3,6,13,26,27,29,7
2011014,5,7,10,11,23,26,16
2011013,1,3,13,16,21,22,8
2011012,7,8,11,13,15,26,13
2011011,1,12,18,19,21,24,10
2011010,1,4,5,9,15,19,13
2011009,17,18,23,24,25,26,4
2011008,10,12,13,17,24,31,15
2011007,1,9,17,24,26,31,5
2011006,1,3,5,13,16,18,5
2011005,6,9,12,14,20,22,13
2011004,4,6,8,10,13,26,5
2011003,13,14,21,22,23,27,4
2011002,6,8,12,17,28,33,5
2011001,3,9,20,24,26,32,10
2010153,3,6,12,19,30,31,13
2010152,4,9,17,21,25,31,1
2010151,2,13,14,17,19,26,14
2010150,2,17,18,23,29,30,6
2010149,2,7,8,16,25,30,9
2010148,1,3,7,18,23,27,12
2010147,2,8,15,18,24,30,3
2010146,1,17,18,22,25,32,1
2010145,3,21,24,27,28,31,8
2010144,2,3,8,15,19,21,11
2010143,9,16,18,26,30,31,14
2010142,2,16,18,23,26,27,10
2010141,2,3,7,18,23,27,6
2010140,1,12,13,18,26,29,15
2010139,11,13,18,20,26,31,9
2010138,1,21,23,24,26,30,5
2010137,7,9,10,13,19,33,6
2010136,4,10,23,24,26,33,10
2010135,4,10,13,25,26,30,10
2010134,9,15,16,22,27,28,6
2010133,3,9,17,21,26,32,1
2010132,2,10,12,18,24,33,15
2010131,5,6,15,16,19,26,6
2010130,1,2,7,15,21,31,16
2010129,4,8,14,25,28,32,16
2010128,4,11,19,20,24,28,12
2010127,1,4,8,17,25,33,1
2010126,3,13,18,20,27,28,5
2010125,6,7,13,23,28,29,9
2010124,2,6,8,11,12,25,2
2010123,6,12,15,18,29,32,10
2010122,2,9,12,16,25,27,6
2010121,8,11,13,18,25,30,15
2010120,1,2,5,6,10,29,16
2010119,7,17,25,27,30,31,9
2010118,5,8,11,13,15,25,5
2010117,1,8,20,22,24,28,1
2010116,5,9,10,20,22,26,7
2010115,1,22,24,25,29,33,15
2010114,1,8,11,15,17,25,1
2010113,5,10,15,18,20,28,10
2010112,1,8,18,24,29,30,16
2010111,4,7,8,13,17,18,10
2010110,1,3,12,24,26,27,1
2010109,4,15,18,25,29,32,15
2010108,2,4,8,20,23,24,7
2010107,8,12,15,17,22,33,16
2010106,2,6,8,15,26,29,16
2010105,1,8,9,19,21,31,11
2010104,7,17,23,24,27,32,2
2010103,6,9,14,17,20,33,9
2010102,4,11,16,20,22,29,10
2010101,4,9,18,21,25,26,6
2010100,1,6,12,22,23,26,8
2010099,3,4,17,24,27,30,6
2010098,1,3,8,16,29,33,7
2010097,10,16,18,21,24,26,1
2010096,7,12,21,23,24,28,3
2010095,9,11,16,17,25,27,14
2010094,3,5,7,27,31,32,10
2010093,9,10,19,28,32,33,6
2010092,3,13,19,27,28,30,2
2010091,6,13,16,20,22,24,16
2010090,1,6,10,15,25,31,14
2010089,7,8,9,16,23,26,1
2010088,5,6,15,23,27,30,12
2010087,1,8,16,17,25,30,10
2010086,5,21,28,29,30,31,8
2010085,1,8,12,13,24,27,8
2010084,2,10,14,18,20,30,3
2010083,2,20,21,22,23,31,12
2010082,1,8,13,14,27,31,2
2010081,2,3,9,24,26,27,5
2010080,8,10,13,14,16,23,16
2010079,8,11,12,14,18,22,2
2010078,1,3,9,11,17,23,12
2010077,2,8,14,20,21,24,9
2010076,1,12,14,29,31,32,15
2010075,5,9,12,13,15,22,14
2010074,2,10,17,18,19,29,15
2010073,1,16,20,23,27,31,2
2010072,6,8,22,23,30,31,1
2010071,5,13,14,17,20,26,1
2010070,8,13,23,27,31,33,7
2010069,12,14,20,22,24,32,11
2010068,3,13,18,20,23,28,13
2010067,1,7,10,14,21,25,1
2010066,1,3,21,22,31,32,7
2010065,2,7,8,17,30,32,12
2010064,8,14,25,26,30,31,11
2010063,2,6,10,17,23,24,3
2010062,11,13,15,20,31,33,3
2010061,2,4,16,19,22,26,12
2010060,1,8,15,18,22,27,9
2010059,1,9,11,12,18,30,10
2010058,1,4,11,17,19,29,12
2010057,5,11,12,19,25,32,5
2010056,1,2,3,8,13,32,7
2010055,2,3,13,19,20,23,8
2010054,1,6,8,12,14,25,6
2010053,3,22,24,27,28,30,14
2010052,1,2,19,23,27,29,10
2010051,4,17,23,27,28,32,3
2010050,7,21,22,26,28,30,11
2010049,1,6,10,26,27,28,2
2010048,1,6,8,10,23,33,2
2010047,3,10,13,20,21,32,15
2010046,11,12,21,23,27,32,5
2010045,2,3,4,13,20,29,1
2010044,3,9,21,23,27,31,5
2010043,4,10,19,22,28,33,4
2010042,3,6,11,20,31,32,10
2010041,3,5,13,19,25,29,12
2010040,12,19,24,25,30,32,11
2010039,8,17,21,23,25,32,12
2010038,1,6,7,11,13,16,1
2010037,3,16,19,21,24,26,6
2010036,6,13,14,28,29,30,8
2010035,9,10,11,18,19,21,10
2010034,6,11,13,22,25,32,12
2010033,8,10,11,12,25,29,9
2010032,8,18,21,28,29,33,8
2010031,5,7,13,24,25,28,4
2010030,3,6,10,16,25,31,5
2010029,1,5,14,16,17,22,3
2010028,1,3,6,12,16,32,12
2010027,3,4,15,25,26,30,13
2010026,2,4,5,8,19,22,12
2010025,4,5,7,10,13,25,11
2010024,7,16,26,27,29,31,14
2010023,2,9,11,22,24,27,11
2010022,1,2,18,29,31,32,2
2010021,2,9,16,17,19,25,4
2010020,5,6,14,22,24,26,9
2010019,2,10,22,24,26,27,6
2010018,11,28,29,30,32,33,2
2010017,1,3,6,11,12,23,11
2010016,2,8,10,12,30,33,16
2010015,1,4,16,21,23,28,6
2010014,1,3,7,14,26,28,2
2010013,1,2,3,16,18,23,12
2010012,2,8,13,14,25,33,10
2010011,7,8,14,22,24,30,7
2010010,7,8,12,15,22,26,8
2010009,1,9,13,21,24,32,6
2010008,5,7,13,15,18,30,14
2010007,14,22,27,28,30,33,14
2010006,3,5,7,13,14,18,5
2010005,3,5,6,8,17,18,14
2010004,1,12,13,16,23,28,7
2010003,14,22,26,27,28,31,4
2010002,3,6,7,23,30,33,13
2010001,7,17,18,27,29,32,13
2009154,1,7,12,14,18,25,16
2009153,6,7,8,20,21,25,10
2009152,3,4,19,21,27,28,5
2009151,6,8,10,16,25,30,14
2009150,4,6,7,16,19,20,4
2009149,1,3,16,18,22,29,4
2009148,6,12,15,22,29,32,10
2009147,6,8,10,18,22,32,16
2009146,3,9,16,20,22,33,15
2009145,3,5,11,15,26,33,11
2009144,1,5,10,17,18,29,12
2009143,5,9,11,17,23,28,10
2009142,7,11,15,19,20,24,13
2009141,2,13,21,28,29,31,9
2009140,4,5,11,18,22,33,12
2009139,1,5,15,17,27,29,2
2009138,4,7,14,26,32,33,14
2009137,8,12,14,15,17,21,1
2009136,1,4,14,22,30,33,1
2009135,1,3,14,19,30,33,16
2009134,3,5,12,15,28,33,6
2009133,5,9,13,18,20,32,1
2009132,4,14,15,21,23,30,7
2009131,16,23,25,26,32,33,5
2009130,2,3,7,12,13,30,11
2009129,6,7,16,17,24,25,7
2009128,5,8,15,16,26,32,1
2009127,2,11,12,14,15,16,4
2009126,3,5,6,10,19,23,15
2009125,6,7,8,22,26,27,12
2009124,3,4,22,23,28,30,10
2009123,9,13,20,22,25,28,14
2009122,7,14,16,27,29,32,1
2009121,2,4,6,10,25,30,9
2009120,1,2,8,12,16,30,16
2009119,6,7,10,12,15,21,5
2009118,12,16,25,26,27,31,5
2009117,5,9,15,21,26,31,13
2009116,5,17,21,25,27,32,14
2009115,2,9,13,15,19,24,3
2009114,3,5,11,12,31,32,11
2009113,4,12,20,25,28,29,16
2009112,6,7,18,24,30,32,9
2009111,2,4,7,14,15,25,15
2009110,4,10,13,15,19,30,14
2009109,5,6,7,14,25,28,1
2009108,4,10,17,28,32,33,2
2009107,7,8,20,23,28,29,5
2009106,1,2,15,18,20,29,4
2009105,2,8,10,16,27,30,15
2009104,20,22,26,29,30,32,16
2009103,6,11,17,20,23,24,9
2009102,3,5,7,8,14,31,10
2009101,1,2,5,10,19,24,14
2009100,2,11,17,27,30,33,11
2009099,8,9,18,20,25,29,9
2009098,3,14,15,20,23,30,2
2009097,7,13,24,26,28,32,14
2009096,1,26,27,31,32,33,3
2009095,8,9,14,28,31,33,15
2009094,3,16,22,25,26,33,14
2009093,1,11,20,31,32,33,1
2009092,2,6,7,14,18,31,8
2009091,3,8,11,14,25,29,4
2009090,7,9,14,20,23,30,14
2009089,2,3,7,11,19,32,4
2009088,4,7,11,15,16,17,2
2009087,6,11,13,20,28,32,6
2009086,11,12,13,18,23,32,11
2009085,4,8,12,17,20,30,3
2009084,4,9,11,20,32,33,13
2009083,2,8,12,18,24,28,4
2009082,11,15,18,21,27,29,2
2009081,4,5,6,25,29,30,3
2009080,1,11,13,25,32,33,6
2009079,2,9,16,21,30,31,13
2009078,5,7,12,14,15,20,13
2009077,1,9,14,16,28,32,16
2009076,9,18,19,25,28,31,6
2009075,1,13,15,17,20,30,5
2009074,5,10,16,19,23,28,13
2009073,9,16,17,18,22,27,14
2009072,1,3,12,20,21,29,4
2009071,4,5,23,26,31,32,6
2009070,1,2,9,10,21,31,10
2009069,3,5,12,18,21,23,2
2009068,6,11,18,20,25,30,5
2009067,4,10,16,23,28,30,5
2009066,2,15,19,24,31,32,4
2009065,8,12,20,22,30,33,2
2009064,1,2,14,23,28,29,15
2009063,2,5,11,26,30,32,16
2009062,10,19,20,21,23,32,10
2009061,10,11,13,16,19,30,3
2009060,7,13,17,26,32,33,4
2009059,3,7,13,23,27,30,11
2009058,5,8,10,15,23,26,9
2009057,5,7,10,14,17,25,11
2009056,4,9,10,18,29,32,8
2009055,3,4,18,22,24,29,11
2009054,16,17,23,26,31,32,11
2009053,7,12,18,19,22,28,4
2009052,9,11,15,19,21,30,8
2009051,6,10,13,16,21,23,7
2009050,13,21,24,29,30,32,4
2009049,9,12,14,20,30,31,6
2009048,3,7,11,15,17,31,1
2009047,6,8,11,15,21,22,16
2009046,16,20,21,26,29,30,9
2009045,3,4,6,23,30,32,1
2009044,11,14,16,18,26,30,1
2009043,4,9,10,15,18,26,7
2009042,8,16,22,23,27,30,11
2009041,1,8,23,26,28,33,8
2009040,4,7,10,20,26,30,12
2009039,5,12,14,15,21,27,3
2009038,12,13,15,23,28,32,5
2009037,2,6,15,18,20,31,3
2009036,6,9,18,23,32,33,7
2009035,6,15,21,26,29,31,5
2009034,9,12,18,21,22,26,7
2009033,7,8,13,14,29,30,6
2009032,9,11,12,19,27,32,6
2009031,1,2,3,15,30,33,1
2009030,8,14,24,26,28,32,7
2009029,12,13,15,22,23,29,13
2009028,3,6,12,15,23,26,10
2009027,2,7,11,16,27,32,6
2009026,11,15,17,18,20,30,16
2009025,10,20,22,23,26,33,11
2009024,1,3,17,23,30,33,12
2009023,1,6,7,15,24,30,8
2009022,5,8,9,10,11,18,8
2009021,1,4,5,17,24,27,9
2009020,3,5,7,10,19,23,13
2009019,6,17,19,20,26,27,4
2009018,2,5,6,19,27,30,15
2009017,6,14,15,19,25,26,8
2009016,2,7,13,16,20,33,3
2009015,2,4,6,15,17,32,5
2009014,3,6,9,14,15,18,2
2009013,4,8,9,21,26,27,9
2009012,5,11,14,17,18,28,1
2009011,2,4,13,14,18,23,15
2009010,3,10,17,19,20,24,2
2009009,8,15,21,30,31,33,2
2009008,4,15,16,22,32,33,2
2009007,1,5,12,23,25,26,15
2009006,6,12,18,20,26,33,2
2009005,1,3,8,15,17,21,13
2009004,3,11,13,17,28,31,3
2009003,2,3,6,15,25,30,2
2009002,10,14,17,25,29,33,14
2009001,4,21,23,24,30,31,4
2008154,2,5,7,21,22,26,8
2008153,1,4,18,21,24,30,16
2008152,1,4,6,22,26,30,8
2008151,6,8,10,14,17,19,6
2008150,4,19,22,24,29,32,2
2008149,10,14,22,28,29,33,2
2008148,3,5,9,22,26,28,9
2008147,7,8,14,22,26,33,2
2008146,7,8,17,19,31,32,10
2008145,7,13,18,22,26,29,2
2008144,2,5,10,27,29,33,15
2008143,12,17,18,19,26,27,6
2008142,5,6,10,13,17,28,15
2008141,3,13,20,25,29,33,15
2008140,7,14,16,29,30,31,14
2008139,8,9,19,23,25,26,7
2008138,7,14,19,23,25,32,4
2008137,1,4,24,28,29,33,9
2008136,5,9,10,12,18,28,2
2008135,5,14,15,16,19,21,15
2008134,10,15,19,20,28,32,2
2008133,8,11,16,19,24,26,11
2008132,9,13,16,25,27,33,8
2008131,2,12,15,18,22,32,8
2008130,1,12,18,28,30,32,6
2008129,1,3,18,24,25,32,15
2008128,1,5,19,20,27,33,5
2008127,5,8,19,22,27,30,13
2008126,4,11,12,14,20,30,13
2008125,10,11,12,15,26,29,9
2008124,1,7,10,13,21,22,3
2008123,10,11,15,16,25,29,2
2008122,2,8,11,14,19,26,15
2008121,2,22,23,27,31,32,6
2008120,10,11,22,24,26,33,2
2008119,5,7,9,15,24,29,7
2008118,4,9,16,27,31,33,1
2008117,3,5,7,10,14,33,7
2008116,3,7,21,22,24,29,14
2008115,2,12,13,14,17,18,6
2008114,4,9,20,24,25,31,14
2008113,6,9,10,12,17,22,9
2008112,5,13,14,19,22,23,6
2008111,17,18,21,25,31,32,6
2008110,10,16,22,23,29,31,2
2008109,4,7,9,16,21,28,10
2008108,9,10,15,17,23,30,12
2008107,6,13,18,22,27,32,4
2008106,14,19,25,27,29,30,15
2008105,5,17,19,27,28,32,2
2008104,3,6,8,17,24,31,1
2008103,1,12,16,18,22,33,4
2008102,3,7,12,21,25,32,5
2008101,9,17,21,26,28,30,4
2008100,8,14,17,21,27,28,14
2008099,10,15,16,22,23,24,7
2008098,6,7,10,11,15,30,1
2008097,3,6,8,9,16,17,13
2008096,6,8,12,24,27,31,14
2008095,3,8,14,21,28,29,3
2008094,1,4,15,16,23,28,14
2008093,4,10,12,16,26,28,7
2008092,1,3,18,27,28,30,5
2008091,3,12,14,23,31,32,10
2008090,2,7,14,18,19,24,1
2008089,3,6,11,16,22,27,11
2008088,1,6,8,16,17,23,5
2008087,1,7,26,29,30,31,6
2008086,4,5,10,26,27,30,12
2008085,1,4,12,20,24,29,15
2008084,4,7,13,20,29,30,16
2008083,7,8,9,18,29,32,9
2008082,4,8,10,12,21,26,9
2008081,2,12,13,18,25,31,4
2008080,4,14,22,25,29,32,14
2008079,3,4,5,10,20,32,9
2008078,6,13,16,26,30,33,1
2008077,4,12,22,26,30,33,9
2008076,2,5,7,11,13,18,11
2008075,1,8,14,18,22,30,3
2008074,1,11,15,19,20,24,9
2008073,1,9,13,22,28,33,8
2008072,1,5,10,18,22,30,9
2008071,1,6,21,26,27,28,9
2008070,5,6,12,15,18,33,13
2008069,5,8,17,20,26,30,10
2008068,5,7,17,23,27,29,7
2008067,10,11,15,19,26,33,13
2008066,7,12,21,22,29,30,8
2008065,5,13,15,19,30,31,5
2008064,1,2,7,9,12,18,12
2008063,5,9,11,14,16,17,15
2008062,6,8,13,17,24,27,15
2008061,1,2,5,12,26,31,6
2008060,6,7,8,17,30,32,3
2008059,2,6,15,29,31,32,16
2008058,1,12,21,27,29,31,11
2008057,19,20,21,26,28,30,8
2008056,8,13,22,23,25,30,7
2008055,11,16,19,23,26,31,4
2008054,2,6,16,17,20,25,7
2008053,6,12,19,20,21,27,4
2008052,2,10,17,23,29,31,10
2008051,1,4,8,10,13,33,11
2008050,1,11,19,24,26,27,3
2008049,3,10,12,13,19,25,4
2008048,11,18,21,27,30,32,1
2008047,9,12,13,14,20,22,10
2008046,15,16,18,24,28,33,15
2008045,1,10,13,21,29,32,4
2008044,5,7,9,20,26,29,9
2008043,3,10,16,22,27,33,14
2008042,3,4,9,11,12,24,1
2008041,8,11,20,22,23,27,4
2008040,6,13,22,25,27,28,9
2008039,1,7,10,13,22,29,1
2008038,3,9,10,11,15,19,13
2008037,1,12,22,24,28,31,6
2008036,2,6,13,18,23,28,16
2008035,7,11,14,17,18,29,16
2008034,3,5,9,11,21,29,9
2008033,12,17,18,30,31,33,4
2008032,5,14,16,21,23,28,13
2008031,3,6,11,15,21,31,13
2008030,6,15,18,19,20,28,11
2008029,1,9,14,22,29,32,12
2008028,1,13,21,26,29,32,10
2008027,15,18,19,23,24,26,13
2008026,5,17,19,27,29,32,3
2008025,8,16,17,18,19,21,14
2008024,11,20,21,26,28,30,13
2008023,8,16,18,25,26,32,2
2008022,12,18,20,24,28,32,5
2008021,9,12,19,20,26,28,15
2008020,3,10,13,15,28,30,3
2008019,2,9,11,17,27,31,5
2008018,2,5,6,23,26,33,13
2008017,2,5,7,17,20,22,2
2008016,3,12,14,21,29,33,13
2008015,6,8,11,16,29,33,3
2008014,3,9,11,17,21,31,14
2008013,2,8,15,16,22,28,10
2008012,3,4,5,16,20,30,13
2008011,2,14,17,21,30,32,3
2008010,3,8,11,17,21,27,9
2008009,9,21,29,30,31,32,16
2008008,2,15,16,23,26,27,7
2008007,1,13,17,22,23,30,11
2008006,1,14,16,18,22,27,14
2008005,3,5,15,22,24,25,15
2008004,4,8,22,23,27,29,8
2008003,6,8,11,13,17,19,12
2008002,3,4,18,22,25,29,9
2008001,2,4,7,9,14,29,3
2007153,1,4,19,20,25,31,15
2007152,11,17,21,29,30,33,8
2007151,1,6,10,11,23,25,2
2007150,3,5,11,13,19,24,5
2007149,1,17,19,22,28,30,3
2007148,3,9,16,17,23,28,7
2007147,3,7,18,24,26,27,4
2007146,4,18,22,24,26,30,9
2007145,8,9,11,12,25,31,11
2007144,8,14,23,25,28,32,16
2007143,1,6,22,23,24,26,4
2007142,11,20,25,26,27,30,8
2007141,2,3,4,6,17,31,8
2007140,1,5,16,21,22,26,11
2007139,6,10,12,14,16,22,6
2007138,2,3,15,17,19,25,16
2007137,3,7,8,18,20,22,3
2007136,1,2,18,21,25,29,14
2007135,1,11,16,26,31,33,16
2007134,1,4,10,13,18,25,15
2007133,3,6,7,11,13,33,10
2007132,1,9,16,21,22,23,5
2007131,3,5,7,16,22,27,5
2007130,3,5,9,11,27,31,4
2007129,5,7,20,21,22,30,8
2007128,9,10,19,21,27,31,5
2007127,6,9,13,16,24,28,11
2007126,9,10,19,23,26,31,9
2007125,3,5,18,20,27,33,1
2007124,3,7,13,16,19,32,16
2007123,1,13,15,23,28,32,2
2007122,4,7,19,24,26,32,9
2007121,3,10,21,22,27,28,6
2007120,6,7,11,12,18,25,1
2007119,3,8,11,13,25,31,12
2007118,4,10,16,18,25,32,15
2007117,3,7,9,10,26,32,1
2007116,3,5,7,11,17,27,13
2007115,1,5,10,16,20,26,2
2007114,5,12,15,24,27,33,5
2007113,4,18,23,25,26,31,10
2007112,7,11,14,16,25,32,11
2007111,2,9,10,12,13,17,11
2007110,2,4,7,15,24,28,3
2007109,1,4,7,8,13,14,4
2007108,3,7,12,13,20,33,2
2007107,2,8,9,18,24,28,10
2007106,12,18,21,24,25,29,8
2007105,2,7,10,17,23,29,14
2007104,2,8,12,14,20,32,4
2007103,7,9,25,27,30,32,1
2007102,4,6,8,18,20,33,11
2007101,15,16,18,21,22,30,14
2007100,8,18,27,29,30,32,6
2007099,3,4,14,27,31,33,5
2007098,2,3,5,11,19,20,12
2007097,4,8,13,18,26,30,11
2007096,9,10,20,22,30,32,8
2007095,1,6,8,18,29,32,7
2007094,3,5,18,19,24,32,2
2007093,5,10,13,15,19,29,2
2007092,14,18,22,23,24,33,9
2007091,2,11,17,30,31,32,7
2007090,5,11,13,27,30,31,2
2007089,3,7,8,15,19,28,3
2007088,2,4,10,28,29,33,6
2007087,1,3,4,5,8,21,9
2007086,5,8,14,22,27,29,16
2007085,2,12,17,19,29,30,12
2007084,6,10,12,14,20,27,10
2007083,11,14,18,20,21,26,5
2007082,5,15,17,18,25,32,15
2007081,9,14,15,19,24,33,13
2007080,1,8,16,18,19,29,4
2007079,3,4,14,20,21,25,14
2007078,4,6,7,23,25,32,1
2007077,6,8,14,21,28,29,2
2007076,6,12,15,16,20,31,2
2007075,13,16,17,22,30,32,3
2007074,8,13,15,25,27,28,3
2007073,5,9,11,19,28,31,2
2007072,2,4,8,13,14,33,16
2007071,1,6,14,21,30,31,9
2007070,6,8,15,17,18,30,12
2007069,3,4,11,12,14,32,12
2007068,11,18,19,22,23,28,1
2007067,6,11,13,17,21,23,11
2007066,5,11,16,24,32,33,8
2007065,4,7,19,21,25,31,7
2007064,2,6,9,16,21,23,16
2007063,10,15,17,24,26,28,12
2007062,8,17,20,29,30,33,9
2007061,1,6,7,11,20,23,5
2007060,1,2,8,16,19,29,5
2007059,1,3,4,6,7,29,14
2007058,7,8,10,13,25,27,7
2007057,5,11,18,19,20,21,9
2007056,14,17,21,29,31,32,12
2007055,2,6,11,22,28,29,2
2007054,1,3,16,18,23,28,5
2007053,10,13,16,17,18,27,11
2007052,2,3,7,8,26,29,7
2007051,3,14,16,26,27,33,13
2007050,1,5,8,13,18,25,2
2007049,4,14,18,19,31,33,2
2007048,2,11,12,15,17,28,12
2007047,2,4,16,18,23,30,6
2007046,2,6,7,9,19,26,14
2007045,1,12,18,21,28,30,10
2007044,9,13,20,21,24,32,8
2007043,3,8,10,11,14,30,5
2007042,3,13,16,19,32,33,8
2007041,1,3,9,11,26,31,12
2007040,13,14,15,19,24,30,10
2007039,6,7,19,24,27,29,1
2007038,3,11,14,19,21,30,5
2007037,10,11,16,23,31,33,16
2007036,3,14,21,23,30,31,10
2007035,1,4,8,12,29,31,6
2007034,2,9,12,14,23,25,16
2007033,3,4,11,17,18,28,9
2007032,4,8,16,24,30,32,16
2007031,4,6,10,12,19,31,1
2007030,3,16,21,22,27,30,4
2007029,6,8,9,11,19,21,10
2007028,3,8,13,20,29,30,11
2007027,2,3,9,22,24,27,11
2007026,1,4,14,16,26,29,10
2007025,3,16,18,22,23,26,3
2007024,8,9,17,25,27,32,6
2007023,3,7,13,17,32,33,2
2007022,2,4,7,10,18,27,10
2007021,3,6,9,11,25,31,13
2007020,5,10,16,20,28,31,14
2007019,4,11,16,23,29,31,14
2007018,1,12,18,20,21,26,11
2007017,5,9,10,24,25,32,14
2007016,1,18,20,22,26,33,5
2007015,3,4,8,18,22,30,15
2007014,1,13,16,20,24,26,9
2007013,5,15,18,27,29,32,5
2007012,3,5,7,21,26,28,4
2007011,3,10,15,25,28,33,16
2007010,3,8,14,17,30,32,5
2007009,2,4,14,15,25,27,15
2007008,1,4,5,18,19,25,10
2007007,4,12,15,17,22,32,14
2007006,6,10,14,22,26,27,11
2007005,1,5,6,16,24,30,12
2007004,3,7,10,13,25,33,10
2007003,5,9,11,12,22,27,15
2007002,5,6,14,20,21,22,1
2007001,2,4,9,10,20,26,14
